i,n
0,hold
1,free
2,print
3,get_char_code
4,parse_float
5,debug_function
6,debug
7,parse_int
8,parse_number
9,get_max
10,get_min
11,floor
12,ceil
13,round
14,get_abs
15,get_cos
16,get_acos
17,get_sin
18,get_asin
19,get_tan
20,get_atan
21,get_atan2
22,get_log
23,get_sqrt
24,sleep
25,clear_timeout
26,get_timestamp
27,queue
28,get_char_from_code
29,get_char_from_code_point
30,check_if_missing
31,check_if_null
32,check_if_undefined
33,check_if_promise
34,check_if_array
35,check_if_number
36,check_if_string
37,check_if_float
38,check_if_integer
39,check_if_object
40,call
41,create
42,get_typeof
43,check_instanceof
44,create_string
45,set_attr
46,get_attr
47,remove_attr
48,branch
49,branch_and_return
50,branch_else
51,shift_left
52,shift_right
53,shift_right_unsigned
54,compute_bitwise_or
55,compute_bitwise_and
56,try_catch
57,try_catch_and_return
58,throw
59,add
60,subtract
61,multiply
62,divide
63,check_if_truthy
64,check_if_true
65,check_if_false
66,check_if_blank
67,check_if_strict_equal
68,check_gt
69,check_lt
70,check_gte
71,check_lte
72,check_and
73,check_or
74,set_title
75,set_src
76,set_disabled
77,get_title
78,get_src
79,get_disabled
80,get_length
81,pop
82,push
83,check_if_object_has_property
84,modulo
85,stop_event_propagation
86,get_inner_height
87,get_client_height
88,get_inner_width
89,get_client_width
90,get_scroll_top
91,get_hidden
92,get_ready_state
93,get_response_text
94,get_length_computable
95,get_total
96,get_fullscreen_element
97,get_cancel_full_screen
98,get_request_fullscreen
99,get_history
100,get_navigator
101,get_user_agent
102,get_full_screen
103,get_local_storage
104,get_session_storage
105,get_scroll_x
106,get_scroll_y
107,get_value
108,get_matches
109,get_performance
110,get_memory
111,get_used_js_heap_size
112,get_sheet
113,get_target
114,get_wheel_delta
115,get_detail
116,get_text
117,style
118,create_url_from_blob
119,create_new_blob_from_chunks
120,get_audio_context
121,get_window
122,get_document
123,listen
124,check_if_video_can_play_type
125,draw_canvas_image
126,begin_canvas_path
127,move_canvas_pointer_to
128,draw_canvas_line_to
129,draw_canvas_stroke
130,set_canvas_smoothing
131,get_cookie_list
132,set_response_type
133,set_with_credentials
134,set_autoplay
135,set_multiple
136,set_accept
137,set_directory
138,set_text_content
139,set_inner_html
140,set_id
141,set_rel
142,set_href
143,set_type
144,set_async
145,create_dom_element
146,get_dom_element
147,replace_dom_element
148,focus_dom_element
149,u_create_dom_element_ns
150,u_set_dom_element_attr_ns
151,prevent_default_event_behavior
152,set_dom_element_attr
153,remove_dom_element_attr
154,create_uint8array
155,create_uint16array
156,create_uint32array
157,create_audio
158,create_audio_context
159,create_web_socket
160,get_canvas_context
161,append_dom_element
162,remove_dom_element
163,get_worker_global_scope_constructor
164,set_align_content_style
165,set_align_items_style
166,set_align_self_style
167,set_alignment_adjust_style
168,set_alignment_baseline_style
169,set_all_style
170,set_animation_style
171,set_animation_delay_style
172,set_animation_direction_style
173,set_animation_duration_style
174,set_animation_fill_mode_style
175,set_animation_iteration_count_style
176,set_animation_name_style
177,set_animation_play_state_style
178,set_animation_timing_function_style
179,set_appearance_style
180,set_azimuth_style
181,set_backface_visibility_style
182,set_background_style
183,set_background_attachment_style
184,set_background_blend_mode_style
185,set_background_clip_style
186,set_background_color_style
187,set_background_image_style
188,set_background_origin_style
189,set_background_position_style
190,set_background_repeat_style
191,set_background_size_style
192,set_baseline_shift_style
193,set_baseline_source_style
194,set_block_ellipsis_style
195,set_block_overflow_style
196,set_block_size_style
197,set_block_step_style
198,set_block_step_align_style
199,set_block_step_insert_style
200,set_block_step_round_style
201,set_block_step_size_style
202,set_bookmark_label_style
203,set_bookmark_level_style
204,set_bookmark_state_style
205,set_border_style
206,set_border_block_style
207,set_border_block_color_style
208,set_border_block_end_style
209,set_border_block_end_color_style
210,set_border_block_end_style_style
211,set_border_block_end_width_style
212,set_border_block_start_style
213,set_border_block_start_color_style
214,set_border_block_start_style_style
215,set_border_block_start_width_style
216,set_border_block_style_style
217,set_border_block_width_style
218,set_border_bottom_style
219,set_border_bottom_color_style
220,set_border_bottom_fit_length_style
221,set_border_bottom_fit_width_style
222,set_border_bottom_image_style
223,set_border_bottom_left_fit_width_style
224,set_border_bottom_left_image_style
225,set_border_bottom_left_radius_style
226,set_border_bottom_right_fit_length_style
227,set_border_bottom_right_fit_width_style
228,set_border_bottom_right_image_style
229,set_border_bottom_right_radius_style
230,set_border_bottom_style_style
231,set_border_bottom_width_style
232,set_border_bottoml_eft_fit_length_style
233,set_border_boundary_style
234,set_border_break_style
235,set_border_collapse_style
236,set_border_color_style
237,set_border_corner_fit_style
238,set_border_corner_image_style
239,set_border_corner_image_transform_style
240,set_border_end_end_radius_style
241,set_border_end_start_radius_style
242,set_border_fit_style
243,set_border_fit_length_style
244,set_border_fit_width_style
245,set_border_image_style
246,set_border_image_outset_style
247,set_border_image_repeat_style
248,set_border_image_slice_style
249,set_border_image_source_style
250,set_border_image_transform_style
251,set_border_image_width_style
252,set_border_inline_style
253,set_border_inline_color_style
254,set_border_inline_end_style
255,set_border_inline_end_color_style
256,set_border_inline_end_style_style
257,set_border_inline_end_width_style
258,set_border_inline_start_style
259,set_border_inline_start_color_style
260,set_border_inline_start_style_style
261,set_border_inline_start_width_style
262,set_border_inline_style_style
263,set_border_inline_width_style
264,set_border_left_style
265,set_border_left_color_style
266,set_border_left_fit_length_style
267,set_border_left_fit_width_style
268,set_border_left_image_style
269,set_border_left_style_style
270,set_border_left_width_style
271,set_border_radius_style
272,set_border_right_style
273,set_border_right_color_style
274,set_border_right_fit_length_style
275,set_border_right_fit_width_style
276,set_border_right_image_style
277,set_border_right_style_style
278,set_border_right_width_style
279,set_border_spacing_style
280,set_border_start_end_radius_style
281,set_border_start_start_radius_style
282,set_border_style_style
283,set_border_top_style
284,set_border_top_color_style
285,set_border_top_fit_length_style
286,set_border_top_fit_width_style
287,set_border_top_image_style
288,set_border_top_left_fit_length_style
289,set_border_top_left_fit_width_style
290,set_border_top_left_image_style
291,set_border_top_left_radius_style
292,set_border_top_right_fit_length_style
293,set_border_top_right_fit_width_style
294,set_border_top_right_image_style
295,set_border_top_right_radius_style
296,set_border_top_style_style
297,set_border_top_width_style
298,set_border_width_style
299,set_bottom_style
300,set_box_decoration_break_style
301,set_box_shadow_style
302,set_box_sizing_style
303,set_box_snap_style
304,set_break_after_style
305,set_break_before_style
306,set_break_inside_style
307,set_caption_side_style
308,set_caret_style
309,set_caret_color_style
310,set_caret_shape_style
311,set_chains_style
312,set_clear_style
313,set_clip_style
314,set_clip_path_style
315,set_clip_rule_style
316,set_color_style
317,set_color_adjust_style
318,set_color_interpolation_filters_style
319,set_color_scheme_style
320,set_column_count_style
321,set_column_fill_style
322,set_column_gap_style
323,set_column_rule_style
324,set_column_rule_color_style
325,set_column_rule_style_style
326,set_column_rule_width_style
327,set_column_span_style
328,set_column_width_style
329,set_columns_style
330,set_contain_style
331,set_content_style
332,set_continue_style
333,set_counter_increment_style
334,set_counter_reset_style
335,set_counter_set_style
336,set_cue_style
337,set_cue_after_style
338,set_cue_before_style
339,set_cursor_style
340,set_direction_style
341,set_display_style
342,set_dominant_baseline_style
343,set_drop_initial_after_adjust_style
344,set_drop_initial_after_align_style
345,set_drop_initial_before_adjust_style
346,set_drop_initial_before_align_style
347,set_drop_initial_size_style
348,set_drop_initial_value_style
349,set_elevation_style
350,set_empty_cells_style
351,set_fill_style
352,set_fill_break_style
353,set_fill_color_style
354,set_fill_image_style
355,set_fill_opacity_style
356,set_fill_origin_style
357,set_fill_position_style
358,set_fill_repeat_style
359,set_fill_rule_style
360,set_fill_size_style
361,set_filter_style
362,set_flex_style
363,set_flex_basis_style
364,set_flex_direction_style
365,set_flex_flow_style
366,set_flex_grow_style
367,set_flex_shrink_style
368,set_flex_wrap_style
369,set_float_style
370,set_float_defer_style
371,set_float_offset_style
372,set_float_reference_style
373,set_flood_color_style
374,set_flood_opacity_style
375,set_flow_style
376,set_flow_from_style
377,set_flow_into_style
378,set_font_style
379,set_font_family_style
380,set_font_feature_settings_style
381,set_font_kerning_style
382,set_font_language_override_style
383,set_font_max_size_style
384,set_font_min_size_style
385,set_font_optical_sizing_style
386,set_font_palette_style
387,set_font_size_style
388,set_font_size_adjust_style
389,set_font_stretch_style
390,set_font_style_style
391,set_font_synthesis_style
392,set_font_synthesis_small_caps_style
393,set_font_synthesis_style_style
394,set_font_synthesis_weight_style
395,set_font_variant_style
396,set_font_variant_alternates_style
397,set_font_variant_caps_style
398,set_font_variant_east_asian_style
399,set_font_variant_emoji_style
400,set_font_variant_ligatures_style
401,set_font_variant_numeric_style
402,set_font_variant_position_style
403,set_font_variation_settings_style
404,set_font_weight_style
405,set_footnote_display_style
406,set_footnote_policy_style
407,set_forced_color_adjust_style
408,set_gap_style
409,set_glyph_orientation_vertical_style
410,set_grid_style
411,set_grid_area_style
412,set_grid_auto_columns_style
413,set_grid_auto_flow_style
414,set_grid_auto_rows_style
415,set_grid_column_style
416,set_grid_column_end_style
417,set_grid_column_start_style
418,set_grid_row_style
419,set_grid_row_end_style
420,set_grid_row_start_style
421,set_grid_template_style
422,set_grid_template_areas_style
423,set_grid_template_columns_style
424,set_grid_template_rows_style
425,set_hanging_punctuation_style
426,set_height_style
427,set_hyphenate_character_style
428,set_hyphenate_limit_chars_style
429,set_hyphenate_limit_last_style
430,set_hyphenate_limit_lines_style
431,set_hyphenate_limit_zone_style
432,set_hyphens_style
433,set_image_orientation_style
434,set_image_rendering_style
435,set_image_resolution_style
436,set_initial_letters_style
437,set_initial_letters_align_style
438,set_initial_letters_wrap_style
439,set_inline_box_align_style
440,set_inline_size_style
441,set_inline_sizing_style
442,set_inset_style
443,set_inset_after_style
444,set_inset_before_style
445,set_inset_block_style
446,set_inset_block_end_style
447,set_inset_block_start_style
448,set_inset_end_style
449,set_inset_inline_style
450,set_inset_inline_end_style
451,set_inset_inline_start_style
452,set_inset_start_style
453,set_isolation_style
454,set_justify_content_style
455,set_justify_items_style
456,set_justify_self_style
457,set_leading_trim_style
458,set_leading_trim_over_style
459,set_leading_trim_under_style
460,set_left_style
461,set_letter_spacing_style
462,set_lighting_color_style
463,set_line_break_style
464,set_line_clamp_style
465,set_line_grid_style
466,set_line_height_style
467,set_line_height_step_style
468,set_line_padding_style
469,set_line_sizing_style
470,set_line_snap_style
471,set_line_stacking_style
472,set_line_stacking_ruby_style
473,set_line_stacking_shift_style
474,set_line_stacking_strategy_style
475,set_list_style_style
476,set_list_style_image_style
477,set_list_style_position_style
478,set_list_style_type_style
479,set_margin_style
480,set_margin_block_style
481,set_margin_block_end_style
482,set_margin_block_start_style
483,set_margin_bottom_style
484,set_margin_break_style
485,set_margin_inline_style
486,set_margin_inline_end_style
487,set_margin_inline_start_style
488,set_margin_left_style
489,set_margin_right_style
490,set_margin_top_style
491,set_margin_trim_style
492,set_marker_style
493,set_marker_end_style
494,set_marker_knockout_left_style
495,set_marker_knockout_right_style
496,set_marker_mid_style
497,set_marker_pattern_style
498,set_marker_segment_style
499,set_marker_side_style
500,set_marker_start_style
501,set_mask_style
502,set_mask_border_style
503,set_mask_border_mode_style
504,set_mask_border_outset_style
505,set_mask_border_repeat_style
506,set_mask_border_slice_style
507,set_mask_border_source_style
508,set_mask_border_width_style
509,set_mask_clip_style
510,set_mask_composite_style
511,set_mask_image_style
512,set_mask_mode_style
513,set_mask_origin_style
514,set_mask_position_style
515,set_mask_repeat_style
516,set_mask_size_style
517,set_mask_type_style
518,set_max_block_size_style
519,set_max_height_style
520,set_max_inline_size_style
521,set_max_lines_style
522,set_max_width_style
523,set_min_block_size_style
524,set_min_height_style
525,set_min_inline_size_style
526,set_min_width_style
527,set_mix_blend_mode_style
528,set_nav_down_style
529,set_nav_left_style
530,set_nav_right_style
531,set_nav_up_style
532,set_object_fit_style
533,set_object_position_style
534,set_offset_style
535,set_offset_after_style
536,set_offset_anchor_style
537,set_offset_before_style
538,set_offset_distance_style
539,set_offset_end_style
540,set_offset_path_style
541,set_offset_position_style
542,set_offset_rotate_style
543,set_offset_start_style
544,set_opacity_style
545,set_order_style
546,set_orphans_style
547,set_outline_style
548,set_outline_color_style
549,set_outline_offset_style
550,set_outline_style_style
551,set_outline_width_style
552,set_overflow_style
553,set_overflow_block_style
554,set_overflow_inline_style
555,set_overflow_wrap_style
556,set_overflow_x_style
557,set_overflow_y_style
558,set_overscroll_behavior_style
559,set_overscroll_behavior_block_style
560,set_overscroll_behavior_inline_style
561,set_overscroll_behavior_x_style
562,set_overscroll_behavior_y_style
563,set_padding_style
564,set_padding_block_style
565,set_padding_block_end_style
566,set_padding_block_start_style
567,set_padding_bottom_style
568,set_padding_inline_style
569,set_padding_inline_end_style
570,set_padding_inline_start_style
571,set_padding_left_style
572,set_padding_right_style
573,set_padding_top_style
574,set_page_style
575,set_page_break_after_style
576,set_page_break_before_style
577,set_page_break_inside_style
578,set_pause_style
579,set_pause_after_style
580,set_pause_before_style
581,set_perspective_style
582,set_perspective_origin_style
583,set_pitch_style
584,set_pitch_range_style
585,set_place_content_style
586,set_place_items_style
587,set_place_self_style
588,set_play_during_style
589,set_position_style
590,set_quotes_style
591,set_region_fragment_style
592,set_resize_style
593,set_richness_style
594,set_right_style
595,set_row_gap_style
596,set_ruby_align_style
597,set_ruby_merge_style
598,set_ruby_position_style
599,set_running_style
600,set_scroll_behavior_style
601,set_scroll_margin_style
602,set_scroll_margin_block_style
603,set_scroll_margin_block_end_style
604,set_scroll_margin_block_start_style
605,set_scroll_margin_bottom_style
606,set_scroll_margin_inline_style
607,set_scroll_margin_inline_end_style
608,set_scroll_margin_inline_start_style
609,set_scroll_margin_left_style
610,set_scroll_margin_right_style
611,set_scroll_margin_top_style
612,set_scroll_padding_style
613,set_scroll_padding_block_style
614,set_scroll_padding_block_end_style
615,set_scroll_padding_block_start_style
616,set_scroll_padding_bottom_style
617,set_scroll_padding_inline_style
618,set_scroll_padding_inline_end_style
619,set_scroll_padding_inline_start_style
620,set_scroll_padding_left_style
621,set_scroll_padding_right_style
622,set_scroll_padding_top_style
623,set_scroll_snap_align_style
624,set_scroll_snap_stop_style
625,set_scroll_snap_type_style
626,set_scrollbar_color_style
627,set_scrollbar_gutter_style
628,set_scrollbar_width_style
629,set_shape_image_threshold_style
630,set_shape_inside_style
631,set_shape_margin_style
632,set_shape_outside_style
633,set_spatial_navigation_action_style
634,set_spatial_navigation_contain_style
635,set_spatial_navigation_function_style
636,set_speak_style
637,set_speak_header_style
638,set_speak_numeral_style
639,set_speak_punctuation_style
640,set_speech_rate_style
641,set_stress_style
642,set_string_set_style
643,set_stroke_style
644,set_stroke_align_style
645,set_stroke_alignment_style
646,set_stroke_break_style
647,set_stroke_color_style
648,set_stroke_dash_corner_style
649,set_stroke_dash_justify_style
650,set_stroke_dashadjust_style
651,set_stroke_dasharray_style
652,set_stroke_dashcorner_style
653,set_stroke_dashoffset_style
654,set_stroke_image_style
655,set_stroke_linecap_style
656,set_stroke_linejoin_style
657,set_stroke_miterlimit_style
658,set_stroke_opacity_style
659,set_stroke_origin_style
660,set_stroke_position_style
661,set_stroke_repeat_style
662,set_stroke_size_style
663,set_stroke_width_style
664,set_tab_size_style
665,set_table_layout_style
666,set_text_align_style
667,set_text_align_all_style
668,set_text_align_last_style
669,set_text_combine_upright_style
670,set_text_decoration_style
671,set_text_decoration_color_style
672,set_text_decoration_line_style
673,set_text_decoration_skip_style
674,set_text_decoration_skip_ink_style
675,set_text_decoration_style_style
676,set_text_decoration_thickenss_style
677,set_text_decoration_width_style
678,set_text_emphasis_style
679,set_text_emphasis_color_style
680,set_text_emphasis_position_style
681,set_text_emphasis_skip_style
682,set_text_emphasis_style_style
683,set_text_group_align_style
684,set_text_height_style
685,set_text_indent_style
686,set_text_justify_style
687,set_text_orientation_style
688,set_text_overflow_style
689,set_text_shadow_style
690,set_text_space_collapse_style
691,set_text_space_trim_style
692,set_text_spacing_style
693,set_text_transform_style
694,set_text_underline_offset_style
695,set_text_underline_position_style
696,set_text_wrap_style
697,set_top_style
698,set_transform_style
699,set_transform_box_style
700,set_transform_origin_style
701,set_transform_style_style
702,set_transition_style
703,set_transition_delay_style
704,set_transition_duration_style
705,set_transition_property_style
706,set_transition_timing_function_style
707,set_unicode_bidi_style
708,set_user_select_style
709,set_vertical_align_style
710,set_visibility_style
711,set_voice_family_style
712,set_volume_style
713,set_white_space_style
714,set_widows_style
715,set_width_style
716,set_will_change_style
717,set_word_break_style
718,set_word_spacing_style
719,set_word_wrap_style
720,set_wrap_after_style
721,set_wrap_before_style
722,set_wrap_flow_style
723,set_wrap_inside_style
724,set_wrap_through_style
725,set_writing_mode_style
726,set_z_index_style
727,listen_to_abort_event
728,listen_to_afterprint_event
729,listen_to_animationcancel_event
730,listen_to_animationend_event
731,listen_to_animationiteration_event
732,listen_to_animationstart_event
733,listen_to_appinstalled_event
734,listen_to_audioprocess_event
735,listen_to_audioend_event
736,listen_to_audiostart_event
737,listen_to_beforeprint_event
738,listen_to_beforeunload_event
739,listen_to_beginEvent_event
740,listen_to_blocked_event
741,listen_to_blur_event
742,listen_to_boundary_event
743,listen_to_canplay_event
744,listen_to_canplaythrough_event
745,listen_to_change_event
746,listen_to_chargingchange_event
747,listen_to_chargingtimechange_event
748,listen_to_click_event
749,listen_to_close_event
750,listen_to_complete_event
751,listen_to_compositionend_event
752,listen_to_compositionstart_event
753,listen_to_compositionupdate_event
754,listen_to_contextmenu_event
755,listen_to_copy_event
756,listen_to_cut_event
757,listen_to_dblclick_event
758,listen_to_devicechange_event
759,listen_to_devicemotion_event
760,listen_to_deviceorientation_event
761,listen_to_dischargingtimechange_event
762,listen_to_dom_activate_event
763,listen_to_dom_attribute_name_changed_event
764,listen_to_dom_attr_modified_event
765,listen_to_dom_character_data_modified_event
766,listen_to_dom_content_loaded_event
767,listen_to_dom_element_name_changed_event
768,listen_to_dom_focus_in_event
769,listen_to_dom_focus_out_event
770,listen_to_dom_node_inserted_event
771,listen_to_dom_node_inserted_into_document_event
772,listen_to_dom_node_removed_event
773,listen_to_dom_node_removed_from_document_event
774,listen_to_dom_subtree_modified_event
775,listen_to_drag_event
776,listen_to_dragend_event
777,listen_to_dragenter_event
778,listen_to_dragleave_event
779,listen_to_dragover_event
780,listen_to_dragstart_event
781,listen_to_drop_event
782,listen_to_durationchange_event
783,listen_to_emptied_event
784,listen_to_end_event
785,listen_to_ended_event
786,listen_to_end_event_event
787,listen_to_error_event
788,listen_to_focus_event
789,listen_to_focusin_event
790,listen_to_focusout_event
791,listen_to_fullscreenchange_event
792,listen_to_fullscreenerror_event
793,listen_to_gamepadconnected_event
794,listen_to_gamepaddisconnected_event
795,listen_to_gotpointercapture_event
796,listen_to_hashchange_event
797,listen_to_lostpointercapture_event
798,listen_to_input_event
799,listen_to_invalid_event
800,listen_to_keydown_event
801,listen_to_keypress_event
802,listen_to_keyup_event
803,listen_to_languagechange_event
804,listen_to_levelchange_event
805,listen_to_load_event
806,listen_to_loadeddata_event
807,listen_to_loadedmetadata_event
808,listen_to_loadend_event
809,listen_to_loadstart_event
810,listen_to_mark_event
811,listen_to_messageerror_event
812,listen_to_message_event
813,listen_to_mousedown_event
814,listen_to_mouseenter_event
815,listen_to_mouseleave_event
816,listen_to_mousemove_event
817,listen_to_mouseout_event
818,listen_to_mouseover_event
819,listen_to_mouseup_event
820,listen_to_nomatch_event
821,listen_to_notificationclick_event
822,listen_to_offline_event
823,listen_to_online_event
824,listen_to_open_event
825,listen_to_orientationchange_event
826,listen_to_pagehide_event
827,listen_to_pageshow_event
828,listen_to_paste_event
829,listen_to_pause_event
830,listen_to_pointercancel_event
831,listen_to_pointerdown_event
832,listen_to_pointerenter_event
833,listen_to_pointerleave_event
834,listen_to_pointerlockchange_event
835,listen_to_pointerlockerror_event
836,listen_to_pointermove_event
837,listen_to_pointerout_event
838,listen_to_pointerover_event
839,listen_to_pointerup_event
840,listen_to_play_event
841,listen_to_playing_event
842,listen_to_popstate_event
843,listen_to_progress_event
844,listen_to_push_event
845,listen_to_pushsubscriptionchange_event
846,listen_to_ratechange_event
847,listen_to_readystatechange_event
848,listen_to_repeatEvent_event
849,listen_to_reset_event
850,listen_to_resize_event
851,listen_to_resourcetimingbufferfull_event
852,listen_to_result_event
853,listen_to_resume_event
854,listen_to_scroll_event
855,listen_to_seeked_event
856,listen_to_seeking_event
857,listen_to_select_event
858,listen_to_selectstart_event
859,listen_to_selectionchange_event
860,listen_to_show_event
861,listen_to_slotchange_event
862,listen_to_soundend_event
863,listen_to_soundstart_event
864,listen_to_speechend_event
865,listen_to_speechstart_event
866,listen_to_stalled_event
867,listen_to_start_event
868,listen_to_storage_event
869,listen_to_submit_event
870,listen_to_success_event
871,listen_to_suspend_event
872,listen_to_svg_abort_event
873,listen_to_svg_error_event
874,listen_to_svg_load_event
875,listen_to_svg_resize_event
876,listen_to_svg_scroll_event
877,listen_to_svg_unload_event
878,listen_to_svg_zoom_event
879,listen_to_timeout_event
880,listen_to_timeupdate_event
881,listen_to_touchcancel_event
882,listen_to_touchend_event
883,listen_to_touchmove_event
884,listen_to_touchstart_event
885,listen_to_transitionend_event
886,listen_to_unload_event
887,listen_to_upgradeneeded_event
888,listen_to_userproximity_event
889,listen_to_voiceschanged_event
890,listen_to_versionchange_event
891,listen_to_visibilitychange_event
892,listen_to_volumechange_event
893,listen_to_waiting_event
894,listen_to_wheel_event
895,listen_to_afterscriptexecute_event
896,listen_to_beforescriptexecute_event
897,listen_to_beforeinstallprompt_event
898,listen_to_cardstatechange_event
899,listen_to_connectionInfoUpdate_event
900,listen_to_cfstatechange_event
901,listen_to_datachange_event
902,listen_to_dataerror_event
903,listen_to_dom_mouse_scroll_event
904,listen_to_dragdrop_event
905,listen_to_dragexit_event
906,listen_to_draggesture_event
907,listen_to_icccardlockerror_event
908,listen_to_iccinfochange_event
909,listen_to_localized_event
910,listen_to_mousewheel_event
911,listen_to_alerting_event
912,listen_to_busy_event
913,listen_to_callschanged_event
914,listen_to_connecting_event
915,listen_to_delivered_event
916,listen_to_dialing_event
917,listen_to_disabled_event
918,listen_to_disconnected_event
919,listen_to_disconnecting_event
920,listen_to_enabled_event
921,listen_to_held_event
922,listen_to_holding_event
923,listen_to_incoming_event
924,listen_to_received_event
925,listen_to_resuming_event
926,listen_to_sent_event
927,listen_to_statechange_event
928,listen_to_statuschange_event
929,listen_to_overflow_event
930,listen_to_stkcommand_event
931,listen_to_stksessionend_event
932,listen_to_touchenter_event
933,listen_to_touchleave_event
934,listen_to_underflow_event
935,listen_to_uploadprogress_event
936,listen_to_ussdreceived_event
937,listen_to_voicechange_event
938,listen_to_msContentZoom_event
939,listen_to_ms_manipulation_state_changed_event
940,listen_to_ms_pointer_hover_event
941,listen_to_broadcast_event
942,listen_to_checkbox_state_change_event
943,listen_to_command_event
944,listen_to_commandupdate_event
945,listen_to_dom_menu_item_active_event
946,listen_to_dom_menu_item_inactive_event
947,listen_to_popuphidden_event
948,listen_to_popuphiding_event
949,listen_to_popupshowing_event
950,listen_to_popupshown_event
951,listen_to_radio_state_change_event
952,listen_to_value_change_event
953,listen_to_dom_popup_blocked_event
954,listen_to_dom_window_created_event
955,listen_to_dom_window_close_event
956,listen_to_dom_title_changed_event
957,listen_to_dom_link_added_event
958,listen_to_dom_link_removed_event
959,listen_to_dom_meta_added_event
960,listen_to_dom_meta_removed_event
961,listen_to_dom_will_open_modal_dialog_event
962,listen_to_dom_modal_dialog_closed_event
963,listen_to_dom_auto_complete_event
964,listen_to_dom_frame_content_loaded_event
965,listen_to_alert_active_event
966,listen_to_alert_close_event
967,listen_to_fullscreen_event
968,listen_to_sizemodechange_event
969,listen_to_ss_window_closing_event
970,listen_to_ss_tab_closing_event
971,listen_to_ss_tab_restoring_event
972,listen_to_ss_tab_restored_event
973,listen_to_ss_window_state_ready_event
974,listen_to_ss_window_state_busy_event
975,listen_to_tab_open_event
976,listen_to_tab_close_event
977,listen_to_tab_select_event
978,listen_to_tab_show_event
979,listen_to_tab_hide_event
980,listen_to_tab_pinned_event
981,listen_to_tab_unpinned_event
982,listen_to_css_rule_view_refreshed_event
983,listen_to_css_rule_view_changed_event
984,listen_to_css_rule_view_css_link_clicked_event
985,set_dom_element_accept
986,set_dom_element_accept_charset
987,set_dom_element_accesskey
988,set_dom_element_action
989,set_dom_element_align
990,set_dom_element_allow
991,set_dom_element_alt
992,set_dom_element_async
993,set_dom_element_autocapitalize
994,set_dom_element_autocomplete
995,set_dom_element_autofocus
996,set_dom_element_autoplay
997,set_dom_element_background
998,set_dom_element_bgcolor
999,set_dom_element_border
1000,set_dom_element_buffered
1001,set_dom_element_challenge
1002,set_dom_element_charset
1003,set_dom_element_checked
1004,set_dom_element_cite
1005,set_dom_element_class
1006,set_dom_element_code
1007,set_dom_element_codebase
1008,set_dom_element_color
1009,set_dom_element_cols
1010,set_dom_element_colspan
1011,set_dom_element_content
1012,set_dom_element_contenteditable
1013,set_dom_element_contextmenu
1014,set_dom_element_controls
1015,set_dom_element_coords
1016,set_dom_element_crossorigin
1017,set_dom_element_csp
1018,set_dom_element_data
1019,set_dom_element_datetime
1020,set_dom_element_decoding
1021,set_dom_element_default
1022,set_dom_element_defer
1023,set_dom_element_dir
1024,set_dom_element_dirname
1025,set_dom_element_disabled
1026,set_dom_element_download
1027,set_dom_element_draggable
1028,set_dom_element_dropzone
1029,set_dom_element_enctype
1030,set_dom_element_enterkeyhint
1031,set_dom_element_for
1032,set_dom_element_form
1033,set_dom_element_formaction
1034,set_dom_element_formenctype
1035,set_dom_element_formmethod
1036,set_dom_element_formnovalidate
1037,set_dom_element_formtarget
1038,set_dom_element_headers
1039,set_dom_element_height
1040,set_dom_element_hidden
1041,set_dom_element_high
1042,set_dom_element_href
1043,set_dom_element_hreflang
1044,set_dom_element_http_equiv
1045,set_dom_element_icon
1046,set_dom_element_id
1047,set_dom_element_importance
1048,set_dom_element_integrity
1049,set_dom_element_intrinsicsize
1050,set_dom_element_inputmode
1051,set_dom_element_ismap
1052,set_dom_element_itemprop
1053,set_dom_element_keytype
1054,set_dom_element_kind
1055,set_dom_element_label
1056,set_dom_element_lang
1057,set_dom_element_language
1058,set_dom_element_loading
1059,set_dom_element_list
1060,set_dom_element_loop
1061,set_dom_element_low
1062,set_dom_element_manifest
1063,set_dom_element_max
1064,set_dom_element_maxlength
1065,set_dom_element_minlength
1066,set_dom_element_media
1067,set_dom_element_method
1068,set_dom_element_min
1069,set_dom_element_multiple
1070,set_dom_element_muted
1071,set_dom_element_name
1072,set_dom_element_novalidate
1073,set_dom_element_open
1074,set_dom_element_optimum
1075,set_dom_element_pattern
1076,set_dom_element_ping
1077,set_dom_element_placeholder
1078,set_dom_element_poster
1079,set_dom_element_preload
1080,set_dom_element_radiogroup
1081,set_dom_element_readonly
1082,set_dom_element_referrerpolicy
1083,set_dom_element_rel
1084,set_dom_element_required
1085,set_dom_element_reversed
1086,set_dom_element_rows
1087,set_dom_element_rowspan
1088,set_dom_element_sandbox
1089,set_dom_element_scope
1090,set_dom_element_scoped
1091,set_dom_element_selected
1092,set_dom_element_shape
1093,set_dom_element_size
1094,set_dom_element_sizes
1095,set_dom_element_slot
1096,set_dom_element_span
1097,set_dom_element_spellcheck
1098,set_dom_element_src
1099,set_dom_element_srcdoc
1100,set_dom_element_srclang
1101,set_dom_element_srcset
1102,set_dom_element_start
1103,set_dom_element_step
1104,set_dom_element_style
1105,set_dom_element_summary
1106,set_dom_element_tabindex
1107,set_dom_element_target
1108,set_dom_element_title
1109,set_dom_element_translate
1110,set_dom_element_type
1111,set_dom_element_usemap
1112,set_dom_element_value
1113,set_dom_element_width
1114,set_dom_element_wrap
1115,remove_dom_element_accept_attribute
1116,remove_dom_element_accesskey_attribute
1117,remove_dom_element_action_attribute
1118,remove_dom_element_align_attribute
1119,remove_dom_element_allow_attribute
1120,remove_dom_element_alt_attribute
1121,remove_dom_element_async_attribute
1122,remove_dom_element_autocapitalize_attribute
1123,remove_dom_element_autocomplete_attribute
1124,remove_dom_element_autofocus_attribute
1125,remove_dom_element_autoplay_attribute
1126,remove_dom_element_background_attribute
1127,remove_dom_element_bgcolor_attribute
1128,remove_dom_element_border_attribute
1129,remove_dom_element_buffered_attribute
1130,remove_dom_element_challenge_attribute
1131,remove_dom_element_charset_attribute
1132,remove_dom_element_checked_attribute
1133,remove_dom_element_cite_attribute
1134,remove_dom_element_class_attribute
1135,remove_dom_element_code_attribute
1136,remove_dom_element_codebase_attribute
1137,remove_dom_element_color_attribute
1138,remove_dom_element_cols_attribute
1139,remove_dom_element_colspan_attribute
1140,remove_dom_element_content_attribute
1141,remove_dom_element_contenteditable_attribute
1142,remove_dom_element_contextmenu_attribute
1143,remove_dom_element_controls_attribute
1144,remove_dom_element_coords_attribute
1145,remove_dom_element_crossorigin_attribute
1146,remove_dom_element_csp_attribute
1147,remove_dom_element_data_attribute
1148,remove_dom_element_datetime_attribute
1149,remove_dom_element_decoding_attribute
1150,remove_dom_element_default_attribute
1151,remove_dom_element_defer_attribute
1152,remove_dom_element_dir_attribute
1153,remove_dom_element_dirname_attribute
1154,remove_dom_element_disabled_attribute
1155,remove_dom_element_download_attribute
1156,remove_dom_element_draggable_attribute
1157,remove_dom_element_dropzone_attribute
1158,remove_dom_element_enctype_attribute
1159,remove_dom_element_enterkeyhint_attribute
1160,remove_dom_element_for_attribute
1161,remove_dom_element_form_attribute
1162,remove_dom_element_formaction_attribute
1163,remove_dom_element_formenctype_attribute
1164,remove_dom_element_formmethod_attribute
1165,remove_dom_element_formnovalidate_attribute
1166,remove_dom_element_formtarget_attribute
1167,remove_dom_element_headers_attribute
1168,remove_dom_element_height_attribute
1169,remove_dom_element_hidden_attribute
1170,remove_dom_element_high_attribute
1171,remove_dom_element_href_attribute
1172,remove_dom_element_hreflang_attribute
1173,remove_dom_element_icon_attribute
1174,remove_dom_element_id_attribute
1175,remove_dom_element_importance_attribute
1176,remove_dom_element_integrity_attribute
1177,remove_dom_element_intrinsicsize_attribute
1178,remove_dom_element_inputmode_attribute
1179,remove_dom_element_ismap_attribute
1180,remove_dom_element_itemprop_attribute
1181,remove_dom_element_keytype_attribute
1182,remove_dom_element_kind_attribute
1183,remove_dom_element_label_attribute
1184,remove_dom_element_lang_attribute
1185,remove_dom_element_language_attribute
1186,remove_dom_element_loading_attribute
1187,remove_dom_element_list_attribute
1188,remove_dom_element_loop_attribute
1189,remove_dom_element_low_attribute
1190,remove_dom_element_manifest_attribute
1191,remove_dom_element_max_attribute
1192,remove_dom_element_maxlength_attribute
1193,remove_dom_element_minlength_attribute
1194,remove_dom_element_media_attribute
1195,remove_dom_element_method_attribute
1196,remove_dom_element_min_attribute
1197,remove_dom_element_multiple_attribute
1198,remove_dom_element_muted_attribute
1199,remove_dom_element_name_attribute
1200,remove_dom_element_novalidate_attribute
1201,remove_dom_element_open_attribute
1202,remove_dom_element_optimum_attribute
1203,remove_dom_element_pattern_attribute
1204,remove_dom_element_ping_attribute
1205,remove_dom_element_placeholder_attribute
1206,remove_dom_element_poster_attribute
1207,remove_dom_element_preload_attribute
1208,remove_dom_element_radiogroup_attribute
1209,remove_dom_element_readonly_attribute
1210,remove_dom_element_referrerpolicy_attribute
1211,remove_dom_element_rel_attribute
1212,remove_dom_element_required_attribute
1213,remove_dom_element_reversed_attribute
1214,remove_dom_element_rows_attribute
1215,remove_dom_element_rowspan_attribute
1216,remove_dom_element_sandbox_attribute
1217,remove_dom_element_scope_attribute
1218,remove_dom_element_scoped_attribute
1219,remove_dom_element_selected_attribute
1220,remove_dom_element_shape_attribute
1221,remove_dom_element_size_attribute
1222,remove_dom_element_sizes_attribute
1223,remove_dom_element_slot_attribute
1224,remove_dom_element_span_attribute
1225,remove_dom_element_spellcheck_attribute
1226,remove_dom_element_src_attribute
1227,remove_dom_element_srcdoc_attribute
1228,remove_dom_element_srclang_attribute
1229,remove_dom_element_srcset_attribute
1230,remove_dom_element_start_attribute
1231,remove_dom_element_step_attribute
1232,remove_dom_element_style_attribute
1233,remove_dom_element_summary_attribute
1234,remove_dom_element_tabindex_attribute
1235,remove_dom_element_target_attribute
1236,remove_dom_element_title_attribute
1237,remove_dom_element_translate_attribute
1238,remove_dom_element_type_attribute
1239,remove_dom_element_usemap_attribute
1240,remove_dom_element_value_attribute
1241,remove_dom_element_width_attribute
1242,remove_dom_element_wrap_attribute
1243,get_dom_element_accept_attribute
1244,get_dom_element_accesskey_attribute
1245,get_dom_element_action_attribute
1246,get_dom_element_align_attribute
1247,get_dom_element_allow_attribute
1248,get_dom_element_alt_attribute
1249,get_dom_element_async_attribute
1250,get_dom_element_autocapitalize_attribute
1251,get_dom_element_autocomplete_attribute
1252,get_dom_element_autofocus_attribute
1253,get_dom_element_autoplay_attribute
1254,get_dom_element_background_attribute
1255,get_dom_element_bgcolor_attribute
1256,get_dom_element_border_attribute
1257,get_dom_element_buffered_attribute
1258,get_dom_element_challenge_attribute
1259,get_dom_element_charset_attribute
1260,get_dom_element_checked_attribute
1261,get_dom_element_cite_attribute
1262,get_dom_element_class_attribute
1263,get_dom_element_code_attribute
1264,get_dom_element_codebase_attribute
1265,get_dom_element_color_attribute
1266,get_dom_element_cols_attribute
1267,get_dom_element_colspan_attribute
1268,get_dom_element_content_attribute
1269,get_dom_element_contenteditable_attribute
1270,get_dom_element_contextmenu_attribute
1271,get_dom_element_controls_attribute
1272,get_dom_element_coords_attribute
1273,get_dom_element_crossorigin_attribute
1274,get_dom_element_csp_attribute
1275,get_dom_element_data_attribute
1276,get_dom_element_datetime_attribute
1277,get_dom_element_decoding_attribute
1278,get_dom_element_default_attribute
1279,get_dom_element_defer_attribute
1280,get_dom_element_dir_attribute
1281,get_dom_element_dirname_attribute
1282,get_dom_element_disabled_attribute
1283,get_dom_element_download_attribute
1284,get_dom_element_draggable_attribute
1285,get_dom_element_dropzone_attribute
1286,get_dom_element_enctype_attribute
1287,get_dom_element_enterkeyhint_attribute
1288,get_dom_element_for_attribute
1289,get_dom_element_form_attribute
1290,get_dom_element_formaction_attribute
1291,get_dom_element_formenctype_attribute
1292,get_dom_element_formmethod_attribute
1293,get_dom_element_formnovalidate_attribute
1294,get_dom_element_formtarget_attribute
1295,get_dom_element_headers_attribute
1296,get_dom_element_height_attribute
1297,get_dom_element_hidden_attribute
1298,get_dom_element_high_attribute
1299,get_dom_element_href_attribute
1300,get_dom_element_hreflang_attribute
1301,get_dom_element_icon_attribute
1302,get_dom_element_id_attribute
1303,get_dom_element_importance_attribute
1304,get_dom_element_integrity_attribute
1305,get_dom_element_intrinsicsize_attribute
1306,get_dom_element_inputmode_attribute
1307,get_dom_element_ismap_attribute
1308,get_dom_element_itemprop_attribute
1309,get_dom_element_keytype_attribute
1310,get_dom_element_kind_attribute
1311,get_dom_element_label_attribute
1312,get_dom_element_lang_attribute
1313,get_dom_element_language_attribute
1314,get_dom_element_loading_attribute
1315,get_dom_element_list_attribute
1316,get_dom_element_loop_attribute
1317,get_dom_element_low_attribute
1318,get_dom_element_manifest_attribute
1319,get_dom_element_max_attribute
1320,get_dom_element_maxlength_attribute
1321,get_dom_element_minlength_attribute
1322,get_dom_element_media_attribute
1323,get_dom_element_method_attribute
1324,get_dom_element_min_attribute
1325,get_dom_element_multiple_attribute
1326,get_dom_element_muted_attribute
1327,get_dom_element_name_attribute
1328,get_dom_element_novalidate_attribute
1329,get_dom_element_open_attribute
1330,get_dom_element_optimum_attribute
1331,get_dom_element_pattern_attribute
1332,get_dom_element_ping_attribute
1333,get_dom_element_placeholder_attribute
1334,get_dom_element_poster_attribute
1335,get_dom_element_preload_attribute
1336,get_dom_element_radiogroup_attribute
1337,get_dom_element_readonly_attribute
1338,get_dom_element_referrerpolicy_attribute
1339,get_dom_element_rel_attribute
1340,get_dom_element_required_attribute
1341,get_dom_element_reversed_attribute
1342,get_dom_element_rows_attribute
1343,get_dom_element_rowspan_attribute
1344,get_dom_element_sandbox_attribute
1345,get_dom_element_scope_attribute
1346,get_dom_element_scoped_attribute
1347,get_dom_element_selected_attribute
1348,get_dom_element_shape_attribute
1349,get_dom_element_size_attribute
1350,get_dom_element_sizes_attribute
1351,get_dom_element_slot_attribute
1352,get_dom_element_span_attribute
1353,get_dom_element_spellcheck_attribute
1354,get_dom_element_src_attribute
1355,get_dom_element_srcdoc_attribute
1356,get_dom_element_srclang_attribute
1357,get_dom_element_srcset_attribute
1358,get_dom_element_start_attribute
1359,get_dom_element_step_attribute
1360,get_dom_element_style_attribute
1361,get_dom_element_summary_attribute
1362,get_dom_element_tabindex_attribute
1363,get_dom_element_target_attribute
1364,get_dom_element_title_attribute
1365,get_dom_element_translate_attribute
1366,get_dom_element_type_attribute
1367,get_dom_element_usemap_attribute
1368,get_dom_element_value_attribute
1369,get_dom_element_width_attribute
1370,get_dom_element_wrap_attribute
1371,create_a_dom_element
1372,create_abbr_dom_element
1373,create_acronym_dom_element
1374,create_address_dom_element
1375,create_applet_dom_element
1376,create_area_dom_element
1377,create_article_dom_element
1378,create_aside_dom_element
1379,create_audio_dom_element
1380,create_b_dom_element
1381,create_base_dom_element
1382,create_basefont_dom_element
1383,create_bdi_dom_element
1384,create_bdo_dom_element
1385,create_bgsound_dom_element
1386,create_big_dom_element
1387,create_blink_dom_element
1388,create_blockquote_dom_element
1389,create_body_dom_element
1390,create_br_dom_element
1391,create_button_dom_element
1392,create_canvas_dom_element
1393,create_caption_dom_element
1394,create_center_dom_element
1395,create_cite_dom_element
1396,create_code_dom_element
1397,create_col_dom_element
1398,create_colgroup_dom_element
1399,create_command_dom_element
1400,create_content_dom_element
1401,create_data_dom_element
1402,create_datalist_dom_element
1403,create_dd_dom_element
1404,create_del_dom_element
1405,create_details_dom_element
1406,create_dfn_dom_element
1407,create_dialog_dom_element
1408,create_dir_dom_element
1409,create_div_dom_element
1410,create_dl_dom_element
1411,create_dt_dom_element
1412,create_element_dom_element
1413,create_em_dom_element
1414,create_embed_dom_element
1415,create_fieldset_dom_element
1416,create_figcaption_dom_element
1417,create_figure_dom_element
1418,create_font_dom_element
1419,create_footer_dom_element
1420,create_form_dom_element
1421,create_frame_dom_element
1422,create_frameset_dom_element
1423,create_h1_dom_element
1424,create_head_dom_element
1425,create_header_dom_element
1426,create_hgroup_dom_element
1427,create_hr_dom_element
1428,create_html_dom_element
1429,create_i_dom_element
1430,create_iframe_dom_element
1431,create_image_dom_element
1432,create_img_dom_element
1433,create_input_dom_element
1434,create_ins_dom_element
1435,create_isindex_dom_element
1436,create_kbd_dom_element
1437,create_keygen_dom_element
1438,create_label_dom_element
1439,create_legend_dom_element
1440,create_li_dom_element
1441,create_link_dom_element
1442,create_listing_dom_element
1443,create_main_dom_element
1444,create_map_dom_element
1445,create_mark_dom_element
1446,create_marquee_dom_element
1447,create_menu_dom_element
1448,create_menuitem_dom_element
1449,create_meta_dom_element
1450,create_meter_dom_element
1451,create_multicol_dom_element
1452,create_nav_dom_element
1453,create_nextid_dom_element
1454,create_nobr_dom_element
1455,create_noembed_dom_element
1456,create_noframes_dom_element
1457,create_noscript_dom_element
1458,create_object_dom_element
1459,create_ol_dom_element
1460,create_optgroup_dom_element
1461,create_option_dom_element
1462,create_output_dom_element
1463,create_p_dom_element
1464,create_param_dom_element
1465,create_picture_dom_element
1466,create_plaintext_dom_element
1467,create_pre_dom_element
1468,create_progress_dom_element
1469,create_q_dom_element
1470,create_rb_dom_element
1471,create_rp_dom_element
1472,create_rt_dom_element
1473,create_rtc_dom_element
1474,create_ruby_dom_element
1475,create_s_dom_element
1476,create_samp_dom_element
1477,create_script_dom_element
1478,create_section_dom_element
1479,create_select_dom_element
1480,create_shadow_dom_element
1481,create_slot_dom_element
1482,create_small_dom_element
1483,create_source_dom_element
1484,create_spacer_dom_element
1485,create_span_dom_element
1486,create_strike_dom_element
1487,create_strong_dom_element
1488,create_style_dom_element
1489,create_sub_dom_element
1490,create_summary_dom_element
1491,create_sup_dom_element
1492,create_table_dom_element
1493,create_tbody_dom_element
1494,create_td_dom_element
1495,create_template_dom_element
1496,create_textarea_dom_element
1497,create_tfoot_dom_element
1498,create_th_dom_element
1499,create_thead_dom_element
1500,create_time_dom_element
1501,create_title_dom_element
1502,create_tr_dom_element
1503,create_track_dom_element
1504,create_tt_dom_element
1505,create_u_dom_element
1506,create_ul_dom_element
1507,create_var_dom_element
1508,create_video_dom_element
1509,create_wbr_dom_element
1510,set_aria_activedescendant
1511,set_aria_atomic
1512,set_aria_autocomplete
1513,set_aria_busy
1514,set_aria_checked
1515,set_aria_colcount
1516,set_aria_colindex
1517,set_aria_colspan
1518,set_aria_controls
1519,set_aria_current
1520,set_aria_describedby
1521,set_aria_details
1522,set_aria_disabled
1523,set_aria_dropeffect
1524,set_aria_errormessage
1525,set_aria_expanded
1526,set_aria_flowto
1527,set_aria_grabbed
1528,set_aria_haspopup
1529,set_aria_hidden
1530,set_aria_invalid
1531,set_aria_keyshortcuts
1532,set_aria_label
1533,set_aria_labelledby
1534,set_aria_level
1535,set_aria_live
1536,set_aria_modal
1537,set_aria_multiline
1538,set_aria_multiselectable
1539,set_aria_orientation
1540,set_aria_owns
1541,set_aria_placeholder
1542,set_aria_posinset
1543,set_aria_pressed
1544,set_aria_readonly
1545,set_aria_relevant
1546,set_aria_required
1547,set_aria_roledescription
1548,set_aria_rowcount
1549,set_aria_rowindex
1550,set_aria_rowspan
1551,set_aria_selected
1552,set_aria_setsize
1553,set_aria_sort
1554,set_aria_valuemax
1555,set_aria_valuemin
1556,set_aria_valuenow
1557,set_aria_valuetext
1558,set_role
1559,get_aria_activedescendant_attribute
1560,get_aria_atomic_attribute
1561,get_aria_autocomplete_attribute
1562,get_aria_busy_attribute
1563,get_aria_checked_attribute
1564,get_aria_colcount_attribute
1565,get_aria_colindex_attribute
1566,get_aria_colspan_attribute
1567,get_aria_controls_attribute
1568,get_aria_current_attribute
1569,get_aria_describedby_attribute
1570,get_aria_details_attribute
1571,get_aria_disabled_attribute
1572,get_aria_dropeffect_attribute
1573,get_aria_errormessage_attribute
1574,get_aria_expanded_attribute
1575,get_aria_flowto_attribute
1576,get_aria_grabbed_attribute
1577,get_aria_haspopup_attribute
1578,get_aria_hidden_attribute
1579,get_aria_invalid_attribute
1580,get_aria_keyshortcuts_attribute
1581,get_aria_label_attribute
1582,get_aria_labelledby_attribute
1583,get_aria_level_attribute
1584,get_aria_live_attribute
1585,get_aria_modal_attribute
1586,get_aria_multiline_attribute
1587,get_aria_multiselectable_attribute
1588,get_aria_orientation_attribute
1589,get_aria_owns_attribute
1590,get_aria_placeholder_attribute
1591,get_aria_posinset_attribute
1592,get_aria_pressed_attribute
1593,get_aria_readonly_attribute
1594,get_aria_relevant_attribute
1595,get_aria_required_attribute
1596,get_aria_roledescription_attribute
1597,get_aria_rowcount_attribute
1598,get_aria_rowindex_attribute
1599,get_aria_rowspan_attribute
1600,get_aria_selected_attribute
1601,get_aria_setsize_attribute
1602,get_aria_sort_attribute
1603,get_aria_valuemax_attribute
1604,get_aria_valuemin_attribute
1605,get_aria_valuenow_attribute
1606,get_aria_valuetext_attribute
1607,get_role_attribute
1608,remove_aria_activedescendant_attribute
1609,remove_aria_atomic_attribute
1610,remove_aria_autocomplete_attribute
1611,remove_aria_busy_attribute
1612,remove_aria_checked_attribute
1613,remove_aria_colcount_attribute
1614,remove_aria_colindex_attribute
1615,remove_aria_colspan_attribute
1616,remove_aria_controls_attribute
1617,remove_aria_current_attribute
1618,remove_aria_describedby_attribute
1619,remove_aria_details_attribute
1620,remove_aria_disabled_attribute
1621,remove_aria_dropeffect_attribute
1622,remove_aria_errormessage_attribute
1623,remove_aria_expanded_attribute
1624,remove_aria_flowto_attribute
1625,remove_aria_grabbed_attribute
1626,remove_aria_haspopup_attribute
1627,remove_aria_hidden_attribute
1628,remove_aria_invalid_attribute
1629,remove_aria_keyshortcuts_attribute
1630,remove_aria_label_attribute
1631,remove_aria_labelledby_attribute
1632,remove_aria_level_attribute
1633,remove_aria_live_attribute
1634,remove_aria_modal_attribute
1635,remove_aria_multiline_attribute
1636,remove_aria_multiselectable_attribute
1637,remove_aria_orientation_attribute
1638,remove_aria_owns_attribute
1639,remove_aria_placeholder_attribute
1640,remove_aria_posinset_attribute
1641,remove_aria_pressed_attribute
1642,remove_aria_readonly_attribute
1643,remove_aria_relevant_attribute
1644,remove_aria_required_attribute
1645,remove_aria_roledescription_attribute
1646,remove_aria_rowcount_attribute
1647,remove_aria_rowindex_attribute
1648,remove_aria_rowspan_attribute
1649,remove_aria_selected_attribute
1650,remove_aria_setsize_attribute
1651,remove_aria_sort_attribute
1652,remove_aria_valuemax_attribute
1653,remove_aria_valuemin_attribute
1654,remove_aria_valuenow_attribute
1655,remove_aria_valuetext_attribute
1656,remove_role_attribute
1657,create_audio_context_buffer
1658,fill_canvas_rectangle
1659,clear_canvas_rectangle
1660,get_global
1661,get_ignore_case
1662,get_source
1663,replace_substring
1664,get_complete
1665,get_natural_width
1666,get_original_event
1667,get_scale
1668,check_if_has_geolocation
1669,get_geolocation
1670,get_coords
1671,get_latitude
1672,get_longitude
1673,create_dom_event
1674,set_dom_event_type
1675,dispatch_dom_event
1676,create_webgl_program
1677,create_vertex_shader
1678,create_fragment_shader
1679,attach_webgl_shader
1680,set_accent_height_attribute
1681,set_accumulate_attribute
1682,set_additive_attribute
1683,set_alignment_baseline_attribute
1684,set_allow_reorder_attribute
1685,set_alphabetic_attribute
1686,set_amplitude_attribute
1687,set_arabic_form_attribute
1688,set_ascent_attribute
1689,set_attribute_name_attribute
1690,set_attribute_type_attribute
1691,set_auto_reverse_attribute
1692,set_azimuth_attribute
1693,set_base_frequency_attribute
1694,set_baseline_shift_attribute
1695,set_base_profile_attribute
1696,set_bbox_attribute
1697,set_begin_attribute
1698,set_bias_attribute
1699,set_by_attribute
1700,set_calc_mode_attribute
1701,set_cap_height_attribute
1702,set_class_attribute
1703,set_clip_attribute
1704,set_clip_path_units_attribute
1705,set_clip_path_attribute
1706,set_clip_rule_attribute
1707,set_color_attribute
1708,set_color_interpolation_attribute
1709,set_color_interpolation_filters_attribute
1710,set_color_profile_attribute
1711,set_color_rendering_attribute
1712,set_content_script_type_attribute
1713,set_content_style_type_attribute
1714,set_cursor_attribute
1715,set_cx_attribute
1716,set_cy_attribute
1717,set_d_attribute
1718,set_decelerate_attribute
1719,set_descent_attribute
1720,set_diffuse_constant_attribute
1721,set_direction_attribute
1722,set_display_attribute
1723,set_divisor_attribute
1724,set_dominant_baseline_attribute
1725,set_dur_attribute
1726,set_dx_attribute
1727,set_dy_attribute
1728,set_edge_mode_attribute
1729,set_elevation_attribute
1730,set_enable_background_attribute
1731,set_end_attribute
1732,set_exponent_attribute
1733,set_external_resources_required_attribute
1734,set_fill_attribute
1735,set_fill_opacity_attribute
1736,set_fill_rule_attribute
1737,set_filter_attribute
1738,set_filter_res_attribute
1739,set_filter_units_attribute
1740,set_flood_color_attribute
1741,set_flood_opacity_attribute
1742,set_font_family_attribute
1743,set_font_size_attribute
1744,set_font_size_adjust_attribute
1745,set_font_stretch_attribute
1746,set_font_style_attribute
1747,set_font_variant_attribute
1748,set_font_weight_attribute
1749,set_format_attribute
1750,set_from_attribute
1751,set_fr_attribute
1752,set_fx_attribute
1753,set_fy_attribute
1754,set_g1_attribute
1755,set_g2_attribute
1756,set_glyph_name_attribute
1757,set_glyph_orientation_horizontal_attribute
1758,set_glyph_orientation_vertical_attribute
1759,set_glyph_ref_attribute
1760,set_gradient_transform_attribute
1761,set_gradient_units_attribute
1762,set_hanging_attribute
1763,set_height_attribute
1764,set_href_attribute
1765,set_hreflang_attribute
1766,set_horiz_adv_x_attribute
1767,set_horiz_origin_x_attribute
1768,set_id_attribute
1769,set_ideographic_attribute
1770,set_image_rendering_attribute
1771,set_in_attribute
1772,set_in2_attribute
1773,set_intercept_attribute
1774,set_k_attribute
1775,set_k1_attribute
1776,set_k2_attribute
1777,set_k3_attribute
1778,set_k4_attribute
1779,set_kernel_matrix_attribute
1780,set_kernel_unit_length_attribute
1781,set_kerning_attribute
1782,set_key_points_attribute
1783,set_key_splines_attribute
1784,set_key_times_attribute
1785,set_lang_attribute
1786,set_length_adjust_attribute
1787,set_letter_spacing_attribute
1788,set_lighting_color_attribute
1789,set_limiting_cone_angle_attribute
1790,set_local_attribute
1791,set_marker_end_attribute
1792,set_marker_mid_attribute
1793,set_marker_start_attribute
1794,set_marker_height_attribute
1795,set_marker_units_attribute
1796,set_marker_width_attribute
1797,set_mask_attribute
1798,set_mask_content_units_attribute
1799,set_mask_units_attribute
1800,set_mathematical_attribute
1801,set_max_attribute
1802,set_media_attribute
1803,set_method_attribute
1804,set_min_attribute
1805,set_mode_attribute
1806,set_name_attribute
1807,set_num_octaves_attribute
1808,set_offset_attribute
1809,set_opacity_attribute
1810,set_operator_attribute
1811,set_order_attribute
1812,set_orient_attribute
1813,set_orientation_attribute
1814,set_origin_attribute
1815,set_overflow_attribute
1816,set_overline_position_attribute
1817,set_overline_thickness_attribute
1818,set_panose_1_attribute
1819,set_paint_order_attribute
1820,set_path_attribute
1821,set_path_length_attribute
1822,set_pattern_content_units_attribute
1823,set_pattern_transform_attribute
1824,set_pattern_units_attribute
1825,set_ping_attribute
1826,set_pointer_events_attribute
1827,set_points_attribute
1828,set_points_at_x_attribute
1829,set_points_at_y_attribute
1830,set_points_at_z_attribute
1831,set_preserve_alpha_attribute
1832,set_preserve_aspect_ratio_attribute
1833,set_primitive_units_attribute
1834,set_r_attribute
1835,set_radius_attribute
1836,set_referrer_policy_attribute
1837,set_ref_x_attribute
1838,set_ref_y_attribute
1839,set_rel_attribute
1840,set_rendering_intent_attribute
1841,set_repeat_count_attribute
1842,set_repeat_dur_attribute
1843,set_required_extensions_attribute
1844,set_required_features_attribute
1845,set_restart_attribute
1846,set_result_attribute
1847,set_rotate_attribute
1848,set_rx_attribute
1849,set_ry_attribute
1850,set_scale_attribute
1851,set_seed_attribute
1852,set_shape_rendering_attribute
1853,set_slope_attribute
1854,set_spacing_attribute
1855,set_specular_constant_attribute
1856,set_specular_exponent_attribute
1857,set_speed_attribute
1858,set_spread_method_attribute
1859,set_start_offset_attribute
1860,set_std_deviation_attribute
1861,set_stemh_attribute
1862,set_stemv_attribute
1863,set_stitch_tiles_attribute
1864,set_stop_color_attribute
1865,set_stop_opacity_attribute
1866,set_strikethrough_position_attribute
1867,set_strikethrough_thickness_attribute
1868,set_string_attribute
1869,set_stroke_attribute
1870,set_stroke_dasharray_attribute
1871,set_stroke_dashoffset_attribute
1872,set_stroke_linecap_attribute
1873,set_stroke_linejoin_attribute
1874,set_stroke_miterlimit_attribute
1875,set_stroke_opacity_attribute
1876,set_stroke_width_attribute
1877,set_style_attribute
1878,set_surface_scale_attribute
1879,set_system_language_attribute
1880,set_tabindex_attribute
1881,set_table_values_attribute
1882,set_target_attribute
1883,set_target_x_attribute
1884,set_target_y_attribute
1885,set_text_anchor_attribute
1886,set_text_decoration_attribute
1887,set_text_rendering_attribute
1888,set_text_length_attribute
1889,set_to_attribute
1890,set_transform_attribute
1891,set_type_attribute
1892,set_u1_attribute
1893,set_u2_attribute
1894,set_underline_position_attribute
1895,set_underline_thickness_attribute
1896,set_unicode_attribute
1897,set_unicode_bidi_attribute
1898,set_unicode_range_attribute
1899,set_units_per_em_attribute
1900,set_v_alphabetic_attribute
1901,set_v_hanging_attribute
1902,set_v_ideographic_attribute
1903,set_v_mathematical_attribute
1904,set_values_attribute
1905,set_vector_effect_attribute
1906,set_version_attribute
1907,set_vert_adv_y_attribute
1908,set_vert_origin_x_attribute
1909,set_vert_origin_y_attribute
1910,set_view_box_attribute
1911,set_view_target_attribute
1912,set_visibility_attribute
1913,set_width_attribute
1914,set_widths_attribute
1915,set_word_spacing_attribute
1916,set_writing_mode_attribute
1917,set_x_attribute
1918,set_x_height_attribute
1919,set_x1_attribute
1920,set_x2_attribute
1921,set_x_channel_selector_attribute
1922,set_xlink_actuate_attribute
1923,set_xlink_arcrole_attribute
1924,set_xlink_href_attribute
1925,set_xlink_role_attribute
1926,set_xlink_show_attribute
1927,set_xlink_title_attribute
1928,set_xlink_type_attribute
1929,set_xml_base_attribute
1930,set_xml_lang_attribute
1931,set_xml_space_attribute
1932,set_y_attribute
1933,set_y1_attribute
1934,set_y2_attribute
1935,set_y_channel_selector_attribute
1936,set_z_attribute
1937,set_zoom_and_pan_attribute
1938,create_regex
1939,get_index_of
1940,match_regex
1941,create_datetime
1942,parse_date
1943,get_microsecond_timestamp
1944,get_computed_style
1945,get_head
1946,get_stylesheets
1947,listen_to_webglcontextlost_event
1948,listen_to_webglcontextrestored_event
1949,get_webgl2_context
1950,create_float32array
1951,create_function
1952,insert_stylesheet_rule
1953,delete_stylesheet_rule
1954,trim_string
1955,send_request
1956,set_request_header
1957,get_message
1958,get_stack
1959,post_message
1960,set_itemref_attribute
1961,set_itemscope_attribute
1962,set_itemtype_attribute
1963,remove_itemref_attribute
1964,remove_itemscope_attribute
1965,remove_itemtype_attribute
1966,create_browser_worker
1967,open_request
1968,create_image
1969,add_dom_element_class
1970,remove_dom_element_class
1971,get_dom_element_parent
1972,get_dom_element_children
1973,measure_text_width
1974,get_first_child
1975,get_last_child
1976,get_next_sibling
1977,get_next_sibling_element
1978,get_previous_sibling
1979,get_previous_sibling_element
1980,check_if_window_supports_text_selection
1981,check_if_document_supports_text_selection
1982,get_selected_text_from_document
1983,get_selected_text_from_window
1984,create_text_range_selector
1985,select_dom_element_contents
1986,remove_all_text_selection
1987,add_text_selection_range
1988,set_webgl_shader_source
1989,compile_webgl_shader
1990,create_webgl_buffer
1991,get_webgl_attribute_location
1992,get_webgl_uniform_location
1993,set_webgl_uniform1f
1994,set_webgl_uniform1fv
1995,set_webgl_uniform2f
1996,set_webgl_uniform2fv
1997,set_webgl_uniform3f
1998,set_webgl_uniform3fv
1999,set_webgl_uniform4f
2000,set_webgl_uniform4fv